epoch,time,train/loss,metrics/accuracy_top1,metrics/accuracy_top5,val/loss,lr/pg0,lr/pg1,lr/pg2
1,89.7461,0.29978,0.98701,1,0.10314,0.000474128,0.000474128,0.000474128
2,182.099,0.05971,0.98701,1,0.05119,0.000926937,0.000926937,0.000926937
3,278.717,0.05373,0.95238,1,0.12357,0.00135617,0.00135617,0.00135617
4,370.859,0.06086,0.98701,1,0.0376,0.0013229,0.0013229,0.0013229
5,462.495,0.05552,0.8658,1,0.30367,0.00128753,0.00128753,0.00128753
6,554.277,0.03111,0.95238,1,0.19259,0.00125216,0.00125216,0.00125216
